Modelo,MAE,MAPE,RMSE,HuberMQLoss
Default,1643.4043598629023,0.03877393054005428,2085.7949369684384,821.5771799314512
