Modelo,MAE,MAPE,RMSE,HuberMQLoss
Modificado,3735.1529737580654,0.08914575802054826,4418.103718106772,1867.4514868790327
