Modelo,MAE,MAPE,RMSE,HuberMQLoss
Modificado,3076.110509120966,0.07289914290477688,3548.8455340595247,1537.930254560483
