Modelo,MAE,MAPE,RMSE,HuberMQLoss
Default,2561.7445817016114,0.06051918006823167,2864.4065897636838,1280.7472908508057
