Modelo,MAE,MAPE,RMSE,HuberMQLoss
LSTM,8433.136403778224,0.200436133699669,8811.11512368571,4216.443201889112
