Modelo,MAE,MAPE,RMSE,HuberMQLoss
LSTM,18347.55141954133,0.8636165189473196,18609.8655233385,9173.650709770665
