Modelo,MAE,MAPE,RMSE,HuberMQLoss
NHITS,2831.2918346935485,0.06716162952268326,3336.0186256028505,1415.5209173467742
