Modelo,MAE,MAPE,RMSE,HuberMQLoss
NHITS,5150.146369536292,0.26444894453616435,5778.245373912295,2574.948184768146
