Modelo,MAE,MAPE,RMSE,HuberMQLoss
TFT,1639.9548891612894,0.03865842199543864,2120.106212232123,819.8524445806447
