Modelo,MAE,MAPE,RMSE,HuberMQLoss
RNN,4754.935861943547,0.11282666840678598,5193.798925751974,2377.3429309717735
