Modelo,MAE,MAPE,RMSE,HuberMQLoss
KAN,8931.639813447582,0.4435115169803301,9169.001938479107,4465.694906723791
