Modelo,MAE,MAPE,RMSE,HuberMQLoss
RNN,19976.435734293726,0.9423852958984666,20211.09466103268,9988.092867146863
