Modelo,MAE,MAPE,RMSE,HuberMQLoss
KAN,2516.711693596773,0.059428357406062816,2851.742368549044,1258.2308467983864
