Modelo,MAE,MAPE,RMSE,HuberMQLoss
TFT,13475.931586169356,0.6289562422259481,13628.073264717901,6737.840793084678
