Modelo,MAE,MAPE,RMSE,HuberMQLoss
Default,4936.355846758064,0.11745617767435153,5851.522799141828,2468.052923379032
