Modelo,MAE,MAPE,RMSE,HuberMQLoss
Modificado,1888.0709425564514,0.0446754143962591,2376.5423272344847,943.9104712782257
