Modelo,MAE,MAPE,RMSE,HuberMQLoss
Modificado,1590.6717489758066,0.03784528683634172,2083.417810422376,795.2108744879033
