Modelo,MAE,MAPE,RMSE,HuberMQLoss
Default,3882.1732610725803,0.09248386663370108,4619.430109698233,1940.9616305362902
