Modelo,MAE,MAPE,RMSE,HuberMQLoss
Modificado,3992.639490975805,0.09517571611288096,4559.339574494847,1996.1947454879025
