Modelo,MAE,MAPE,RMSE,HuberMQLoss
Default,4431.54561496774,0.1051866136939557,4788.94175657147,2215.64780748387
