Modelo,MAE,MAPE,RMSE,HuberMQLoss
Modificado,3867.107736943547,0.09170836574173406,4116.658824518656,1933.4288684717735
