Modelo,MAE,MAPE,RMSE,HuberMQLoss
Default,1614.437247999999,0.03802902454267203,1985.6089076908463,807.0936239999995
